{"cameraMode":{"drawMode":0,"name":"Shaded","section":"Shading Mode"},"sceneLighting":false,"audioPlay":false,"sceneViewState":{"showFog":true,"showMaterialUpdate":false,"showSkybox":true,"showFlares":true,"showImageEffects":true,"showParticleSystems":true},"in2DMode":false,"pivot":{"x":-0.09511823952198029,"y":0.24732613563537599,"z":1.052046537399292},"rotation":{"x":0.0017965694423764945,"y":0.9784294962882996,"z":-0.2063976675271988,"w":0.008518407121300698},"size":7.354831218719482,"orthographic":false}