{"cameraMode":{"drawMode":0,"name":"Shaded","section":"Shading Mode"},"sceneLighting":false,"audioPlay":false,"sceneViewState":{"showFog":true,"showMaterialUpdate":false,"showSkybox":true,"showFlares":true,"showImageEffects":true,"showParticleSystems":true},"in2DMode":false,"pivot":{"x":0.0358157753944397,"y":-5.046502113342285,"z":-2.46492338180542},"rotation":{"x":0.2967493236064911,"y":0.7001171112060547,"z":-0.4970751106739044,"w":0.4179620146751404},"size":61.79007339477539,"orthographic":false}