{"cameraMode":{"drawMode":0,"name":"Shaded","section":"Shading Mode"},"sceneLighting":false,"audioPlay":false,"sceneViewState":{"showFog":true,"showMaterialUpdate":false,"showSkybox":true,"showFlares":true,"showImageEffects":true,"showParticleSystems":true},"in2DMode":false,"pivot":{"x":150.4550323486328,"y":0.5199844837188721,"z":122.41722106933594},"rotation":{"x":-0.15737316012382508,"y":0.5325627326965332,"z":-0.10153543204069138,"w":-0.8254097700119019},"size":3.500178575515747,"orthographic":true}