{"cameraMode":{"drawMode":0,"name":"Shaded","section":"Shading Mode"},"sceneLighting":false,"audioPlay":false,"sceneViewState":{"showFog":true,"showMaterialUpdate":false,"showSkybox":true,"showFlares":true,"showImageEffects":true,"showParticleSystems":true},"in2DMode":false,"pivot":{"x":-0.09515380859375,"y":0.447021484375,"z":-0.01629638671875},"rotation":{"x":-0.31965264678001406,"y":-0.5110670328140259,"z":0.21240940690040589,"w":-0.7691000699996948},"size":2.38973331451416,"orthographic":true}