{"cameraMode":{"drawMode":0,"name":"Shaded","section":"Shading Mode"},"sceneLighting":true,"audioPlay":false,"sceneViewState":{"showFog":true,"showMaterialUpdate":false,"showSkybox":true,"showFlares":true,"showImageEffects":true,"showParticleSystems":true},"in2DMode":false,"pivot":{"x":0.11474609375,"y":0.36962890625,"z":-0.2225341796875},"rotation":{"x":-0.15737316012382508,"y":0.5325627326965332,"z":-0.10153543204069138,"w":-0.8254097700119019},"size":174.48291015625,"orthographic":true}