{"cameraMode":{"drawMode":0,"name":"Shaded","section":"Shading Mode"},"sceneLighting":false,"audioPlay":false,"sceneViewState":{"showFog":true,"showMaterialUpdate":false,"showSkybox":true,"showFlares":true,"showImageEffects":true,"showParticleSystems":true},"in2DMode":false,"pivot":{"x":0.0,"y":1.1920928955078126e-7,"z":-0.24346566200256349},"rotation":{"x":-0.1538112312555313,"y":-0.6684651374816895,"z":0.14415520429611207,"w":-0.7132431864738464},"size":3.295116424560547,"orthographic":true}